role,company,location,experience,salary
Python Engineer  ( Remote ) ,Veeva Systems,,3 - 6 Years,Not disclosed
Senior Python Developer,Tranzmeo It Solutions,Cochin/ Kochi/ Ernakulam,3 - 6 Years,Not disclosed
Python Lead Engineer,Infostretch Solution Pvt Ltd,UK,5 - 7 Years,Not disclosed
Python Full Stack Developer,hiration,"Delhi,  Delhi/NCR",2 - 4 Years,Not disclosed
Senior Python Developer,Vitrana,"Noida/Greater Noida,  Bengaluru / Bangalore",4 - 6 Years,Not disclosed
Data Scientist  ( Python Expert  ) ,Analytics Vidhya,Hyderabad/Secunderabad,2 - 5 Years,Not disclosed
Java AWS Developer with Python,tcg digital solutions pvt ltd,Chicago,8 - 11 Years,Not disclosed
AWS Python Developer,tcg digital solutions pvt ltd,Kolkata,5 - 8 Years,Not disclosed
Python-Django Developer,SplendorNet Technologies Pvt. Ltd.,Pune,0 - 3 Years,Not disclosed
Senior Python Developer,nutanxt technologies,Pune,3 - 5 Years,Not disclosed
Full-Stack Developer - Python,ULTISOURCE Pvt Ltd.,Mumbai,5 - 8 Years,Not disclosed
Devops with Python Engineer,Tessolve Semiconductor Pvt. Ltd.,"Bengaluru / Bangalore,  null",7 - 12 Years,Not disclosed
Python backend Developer,3RI Technologies Pvt Ltd,Pune,1 - 2 Years,Not disclosed
Python Automation Engineer,univision technology consulting pvt ltd,Bengaluru / Bangalore,3 - 6 Years,Not disclosed
Odoo  /  Python Developer,Pragmatic Techsoft,"Ahmedabad,  Cochin/ Kochi/ Ernakulam,  Pune",1 - 3 Years,Not disclosed
Nielsen - Python Developer,Nielsen Research Ltd. Co.,,3 - 6 Years,Not disclosed
Data Engineer -Python,IRT Computer Solutions  ( I )  Pvt Ltd,"Hyderabad/Secunderabad,  Chennai",4 - 7 Years,Not disclosed
Sr. Python Developer,sacumen,Bengaluru / Bangalore,6 - 8 Years,Not disclosed
Software Engineer  ( Python Development ) *,online productivity solutions pvt. ltd.,,2 - 5 Years,Not disclosed
Backend  Python Developer,Arete Careers  ( OPC )  Pvt Ltd,Bengaluru / Bangalore,3 - 6 Years,Not disclosed
Python Developer - Business Intelligence,global invisions consulting,"Cochin/ Kochi/ Ernakulam,  Other City(s) in Kerala",3 - 9 Years,Not disclosed
Python Engineer - IAM,Binance,"Singapore,  Dubai,  null,  Abu Dhabi",3 - 5 Years,Not disclosed
Software Developer   Java with Python,IBM India Pvt Ltd,Bengaluru / Bangalore,2 - 5 Years,Not disclosed
Software Developer   Java with Python,IBM India Pvt Ltd,Bengaluru / Bangalore,2 - 5 Years,Not disclosed
Lead Python SDET,McAfee Software  ( India )  Pvt Ltd,Bengaluru / Bangalore,1 - 4 Years,Not disclosed
Python Engineer  ( Remote ) ,Veeva Systems,,3 - 6 Years,Not disclosed
Senior Python Developer,Tranzmeo It Solutions,Cochin/ Kochi/ Ernakulam,3 - 6 Years,Not disclosed
Python Lead Engineer,Infostretch Solution Pvt Ltd,UK,5 - 7 Years,Not disclosed
Python Full Stack Developer,hiration,"Delhi,  Delhi/NCR",2 - 4 Years,Not disclosed
Senior Python Developer,Vitrana,"Noida/Greater Noida,  Bengaluru / Bangalore",4 - 6 Years,Not disclosed
Data Scientist  ( Python Expert  ) ,Analytics Vidhya,Hyderabad/Secunderabad,2 - 5 Years,Not disclosed
Java AWS Developer with Python,tcg digital solutions pvt ltd,Chicago,8 - 11 Years,Not disclosed
AWS Python Developer,tcg digital solutions pvt ltd,Kolkata,5 - 8 Years,Not disclosed
Python-Django Developer,SplendorNet Technologies Pvt. Ltd.,Pune,0 - 3 Years,Not disclosed
Senior Python Developer,nutanxt technologies,Pune,3 - 5 Years,Not disclosed
Full-Stack Developer - Python,ULTISOURCE Pvt Ltd.,Mumbai,5 - 8 Years,Not disclosed
Devops with Python Engineer,Tessolve Semiconductor Pvt. Ltd.,"Bengaluru / Bangalore,  null",7 - 12 Years,Not disclosed
Python backend Developer,3RI Technologies Pvt Ltd,Pune,1 - 2 Years,Not disclosed
Python Automation Engineer,univision technology consulting pvt ltd,Bengaluru / Bangalore,3 - 6 Years,Not disclosed
Odoo  /  Python Developer,Pragmatic Techsoft,"Ahmedabad,  Cochin/ Kochi/ Ernakulam,  Pune",1 - 3 Years,Not disclosed
Nielsen - Python Developer,Nielsen Research Ltd. Co.,,3 - 6 Years,Not disclosed
Data Engineer -Python,IRT Computer Solutions  ( I )  Pvt Ltd,"Hyderabad/Secunderabad,  Chennai",4 - 7 Years,Not disclosed
Sr. Python Developer,sacumen,Bengaluru / Bangalore,6 - 8 Years,Not disclosed
Software Engineer  ( Python Development ) *,online productivity solutions pvt. ltd.,,2 - 5 Years,Not disclosed
Backend  Python Developer,Arete Careers  ( OPC )  Pvt Ltd,Bengaluru / Bangalore,3 - 6 Years,Not disclosed
Python Developer - Business Intelligence,global invisions consulting,"Cochin/ Kochi/ Ernakulam,  Other City(s) in Kerala",3 - 9 Years,Not disclosed
Python Engineer - IAM,Binance,"Singapore,  Dubai,  null,  Abu Dhabi",3 - 5 Years,Not disclosed
Software Developer   Java with Python,IBM India Pvt Ltd,Bengaluru / Bangalore,2 - 5 Years,Not disclosed
Software Developer   Java with Python,IBM India Pvt Ltd,Bengaluru / Bangalore,2 - 5 Years,Not disclosed
Lead Python SDET,McAfee Software  ( India )  Pvt Ltd,Bengaluru / Bangalore,1 - 4 Years,Not disclosed
Python Engineer  ( Remote ) ,Veeva Systems,,3 - 6 Years,Not disclosed
Senior Python Developer,Tranzmeo It Solutions,Cochin/ Kochi/ Ernakulam,3 - 6 Years,Not disclosed
Python Lead Engineer,Infostretch Solution Pvt Ltd,UK,5 - 7 Years,Not disclosed
Python Full Stack Developer,hiration,"Delhi,  Delhi/NCR",2 - 4 Years,Not disclosed
Senior Python Developer,Vitrana,"Noida/Greater Noida,  Bengaluru / Bangalore",4 - 6 Years,Not disclosed
Data Scientist  ( Python Expert  ) ,Analytics Vidhya,Hyderabad/Secunderabad,2 - 5 Years,Not disclosed
Java AWS Developer with Python,tcg digital solutions pvt ltd,Chicago,8 - 11 Years,Not disclosed
AWS Python Developer,tcg digital solutions pvt ltd,Kolkata,5 - 8 Years,Not disclosed
Python-Django Developer,SplendorNet Technologies Pvt. Ltd.,Pune,0 - 3 Years,Not disclosed
Senior Python Developer,nutanxt technologies,Pune,3 - 5 Years,Not disclosed
Full-Stack Developer - Python,ULTISOURCE Pvt Ltd.,Mumbai,5 - 8 Years,Not disclosed
Devops with Python Engineer,Tessolve Semiconductor Pvt. Ltd.,"Bengaluru / Bangalore,  null",7 - 12 Years,Not disclosed
Python backend Developer,3RI Technologies Pvt Ltd,Pune,1 - 2 Years,Not disclosed
Python Automation Engineer,univision technology consulting pvt ltd,Bengaluru / Bangalore,3 - 6 Years,Not disclosed
Odoo  /  Python Developer,Pragmatic Techsoft,"Ahmedabad,  Cochin/ Kochi/ Ernakulam,  Pune",1 - 3 Years,Not disclosed
Nielsen - Python Developer,Nielsen Research Ltd. Co.,,3 - 6 Years,Not disclosed
Data Engineer -Python,IRT Computer Solutions  ( I )  Pvt Ltd,"Hyderabad/Secunderabad,  Chennai",4 - 7 Years,Not disclosed
Sr. Python Developer,sacumen,Bengaluru / Bangalore,6 - 8 Years,Not disclosed
Software Engineer  ( Python Development ) *,online productivity solutions pvt. ltd.,,2 - 5 Years,Not disclosed
Backend  Python Developer,Arete Careers  ( OPC )  Pvt Ltd,Bengaluru / Bangalore,3 - 6 Years,Not disclosed
Python Developer - Business Intelligence,global invisions consulting,"Cochin/ Kochi/ Ernakulam,  Other City(s) in Kerala",3 - 9 Years,Not disclosed
Python Engineer - IAM,Binance,"Singapore,  Dubai,  null,  Abu Dhabi",3 - 5 Years,Not disclosed
Software Developer   Java with Python,IBM India Pvt Ltd,Bengaluru / Bangalore,2 - 5 Years,Not disclosed
Software Developer   Java with Python,IBM India Pvt Ltd,Bengaluru / Bangalore,2 - 5 Years,Not disclosed
Lead Python SDET,McAfee Software  ( India )  Pvt Ltd,Bengaluru / Bangalore,1 - 4 Years,Not disclosed
Python Engineer  ( Remote ) ,Veeva Systems,,3 - 6 Years,Not disclosed
Senior Python Developer,Tranzmeo It Solutions,Cochin/ Kochi/ Ernakulam,3 - 6 Years,Not disclosed
Python Lead Engineer,Infostretch Solution Pvt Ltd,UK,5 - 7 Years,Not disclosed
Python Full Stack Developer,hiration,"Delhi,  Delhi/NCR",2 - 4 Years,Not disclosed
Senior Python Developer,Vitrana,"Noida/Greater Noida,  Bengaluru / Bangalore",4 - 6 Years,Not disclosed
Data Scientist  ( Python Expert  ) ,Analytics Vidhya,Hyderabad/Secunderabad,2 - 5 Years,Not disclosed
Java AWS Developer with Python,tcg digital solutions pvt ltd,Chicago,8 - 11 Years,Not disclosed
AWS Python Developer,tcg digital solutions pvt ltd,Kolkata,5 - 8 Years,Not disclosed
Python-Django Developer,SplendorNet Technologies Pvt. Ltd.,Pune,0 - 3 Years,Not disclosed
Senior Python Developer,nutanxt technologies,Pune,3 - 5 Years,Not disclosed
Full-Stack Developer - Python,ULTISOURCE Pvt Ltd.,Mumbai,5 - 8 Years,Not disclosed
Devops with Python Engineer,Tessolve Semiconductor Pvt. Ltd.,"Bengaluru / Bangalore,  null",7 - 12 Years,Not disclosed
Python backend Developer,3RI Technologies Pvt Ltd,Pune,1 - 2 Years,Not disclosed
Python Automation Engineer,univision technology consulting pvt ltd,Bengaluru / Bangalore,3 - 6 Years,Not disclosed
Odoo  /  Python Developer,Pragmatic Techsoft,"Ahmedabad,  Cochin/ Kochi/ Ernakulam,  Pune",1 - 3 Years,Not disclosed
Nielsen - Python Developer,Nielsen Research Ltd. Co.,,3 - 6 Years,Not disclosed
Data Engineer -Python,IRT Computer Solutions  ( I )  Pvt Ltd,"Hyderabad/Secunderabad,  Chennai",4 - 7 Years,Not disclosed
Sr. Python Developer,sacumen,Bengaluru / Bangalore,6 - 8 Years,Not disclosed
Software Engineer  ( Python Development ) *,online productivity solutions pvt. ltd.,,2 - 5 Years,Not disclosed
Backend  Python Developer,Arete Careers  ( OPC )  Pvt Ltd,Bengaluru / Bangalore,3 - 6 Years,Not disclosed
Python Developer - Business Intelligence,global invisions consulting,"Cochin/ Kochi/ Ernakulam,  Other City(s) in Kerala",3 - 9 Years,Not disclosed
Python Engineer - IAM,Binance,"Singapore,  Dubai,  null,  Abu Dhabi",3 - 5 Years,Not disclosed
Software Developer   Java with Python,IBM India Pvt Ltd,Bengaluru / Bangalore,2 - 5 Years,Not disclosed
Software Developer   Java with Python,IBM India Pvt Ltd,Bengaluru / Bangalore,2 - 5 Years,Not disclosed
Lead Python SDET,McAfee Software  ( India )  Pvt Ltd,Bengaluru / Bangalore,1 - 4 Years,Not disclosed
Python Engineer  ( Remote ) ,Veeva Systems,,3 - 6 Years,Not disclosed
Senior Python Developer,Tranzmeo It Solutions,Cochin/ Kochi/ Ernakulam,3 - 6 Years,Not disclosed
Python Lead Engineer,Infostretch Solution Pvt Ltd,UK,5 - 7 Years,Not disclosed
Python Full Stack Developer,hiration,"Delhi,  Delhi/NCR",2 - 4 Years,Not disclosed
Senior Python Developer,Vitrana,"Noida/Greater Noida,  Bengaluru / Bangalore",4 - 6 Years,Not disclosed
Data Scientist  ( Python Expert  ) ,Analytics Vidhya,Hyderabad/Secunderabad,2 - 5 Years,Not disclosed
Java AWS Developer with Python,tcg digital solutions pvt ltd,Chicago,8 - 11 Years,Not disclosed
AWS Python Developer,tcg digital solutions pvt ltd,Kolkata,5 - 8 Years,Not disclosed
Python-Django Developer,SplendorNet Technologies Pvt. Ltd.,Pune,0 - 3 Years,Not disclosed
Senior Python Developer,nutanxt technologies,Pune,3 - 5 Years,Not disclosed
Full-Stack Developer - Python,ULTISOURCE Pvt Ltd.,Mumbai,5 - 8 Years,Not disclosed
Devops with Python Engineer,Tessolve Semiconductor Pvt. Ltd.,"Bengaluru / Bangalore,  null",7 - 12 Years,Not disclosed
Python backend Developer,3RI Technologies Pvt Ltd,Pune,1 - 2 Years,Not disclosed
Python Automation Engineer,univision technology consulting pvt ltd,Bengaluru / Bangalore,3 - 6 Years,Not disclosed
Odoo  /  Python Developer,Pragmatic Techsoft,"Ahmedabad,  Cochin/ Kochi/ Ernakulam,  Pune",1 - 3 Years,Not disclosed
Nielsen - Python Developer,Nielsen Research Ltd. Co.,,3 - 6 Years,Not disclosed
Data Engineer -Python,IRT Computer Solutions  ( I )  Pvt Ltd,"Hyderabad/Secunderabad,  Chennai",4 - 7 Years,Not disclosed
Sr. Python Developer,sacumen,Bengaluru / Bangalore,6 - 8 Years,Not disclosed
Software Engineer  ( Python Development ) *,online productivity solutions pvt. ltd.,,2 - 5 Years,Not disclosed
Backend  Python Developer,Arete Careers  ( OPC )  Pvt Ltd,Bengaluru / Bangalore,3 - 6 Years,Not disclosed
Python Developer - Business Intelligence,global invisions consulting,"Cochin/ Kochi/ Ernakulam,  Other City(s) in Kerala",3 - 9 Years,Not disclosed
Python Engineer - IAM,Binance,"Singapore,  Dubai,  null,  Abu Dhabi",3 - 5 Years,Not disclosed
Software Developer   Java with Python,IBM India Pvt Ltd,Bengaluru / Bangalore,2 - 5 Years,Not disclosed
Software Developer   Java with Python,IBM India Pvt Ltd,Bengaluru / Bangalore,2 - 5 Years,Not disclosed
Lead Python SDET,McAfee Software  ( India )  Pvt Ltd,Bengaluru / Bangalore,1 - 4 Years,Not disclosed
Python Engineer  ( Remote ) ,Veeva Systems,,3 - 6 Years,Not disclosed
Senior Python Developer,Tranzmeo It Solutions,Cochin/ Kochi/ Ernakulam,3 - 6 Years,Not disclosed
Python Lead Engineer,Infostretch Solution Pvt Ltd,UK,5 - 7 Years,Not disclosed
Python Full Stack Developer,hiration,"Delhi,  Delhi/NCR",2 - 4 Years,Not disclosed
Senior Python Developer,Vitrana,"Noida/Greater Noida,  Bengaluru / Bangalore",4 - 6 Years,Not disclosed
Data Scientist  ( Python Expert  ) ,Analytics Vidhya,Hyderabad/Secunderabad,2 - 5 Years,Not disclosed
Java AWS Developer with Python,tcg digital solutions pvt ltd,Chicago,8 - 11 Years,Not disclosed
AWS Python Developer,tcg digital solutions pvt ltd,Kolkata,5 - 8 Years,Not disclosed
Python-Django Developer,SplendorNet Technologies Pvt. Ltd.,Pune,0 - 3 Years,Not disclosed
Senior Python Developer,nutanxt technologies,Pune,3 - 5 Years,Not disclosed
Full-Stack Developer - Python,ULTISOURCE Pvt Ltd.,Mumbai,5 - 8 Years,Not disclosed
Devops with Python Engineer,Tessolve Semiconductor Pvt. Ltd.,"Bengaluru / Bangalore,  null",7 - 12 Years,Not disclosed
Python backend Developer,3RI Technologies Pvt Ltd,Pune,1 - 2 Years,Not disclosed
Python Automation Engineer,univision technology consulting pvt ltd,Bengaluru / Bangalore,3 - 6 Years,Not disclosed
Odoo  /  Python Developer,Pragmatic Techsoft,"Ahmedabad,  Cochin/ Kochi/ Ernakulam,  Pune",1 - 3 Years,Not disclosed
Nielsen - Python Developer,Nielsen Research Ltd. Co.,,3 - 6 Years,Not disclosed
Data Engineer -Python,IRT Computer Solutions  ( I )  Pvt Ltd,"Hyderabad/Secunderabad,  Chennai",4 - 7 Years,Not disclosed
Sr. Python Developer,sacumen,Bengaluru / Bangalore,6 - 8 Years,Not disclosed
Software Engineer  ( Python Development ) *,online productivity solutions pvt. ltd.,,2 - 5 Years,Not disclosed
Backend  Python Developer,Arete Careers  ( OPC )  Pvt Ltd,Bengaluru / Bangalore,3 - 6 Years,Not disclosed
Python Developer - Business Intelligence,global invisions consulting,"Cochin/ Kochi/ Ernakulam,  Other City(s) in Kerala",3 - 9 Years,Not disclosed
Python Engineer - IAM,Binance,"Singapore,  Dubai,  null,  Abu Dhabi",3 - 5 Years,Not disclosed
Software Developer   Java with Python,IBM India Pvt Ltd,Bengaluru / Bangalore,2 - 5 Years,Not disclosed
Software Developer   Java with Python,IBM India Pvt Ltd,Bengaluru / Bangalore,2 - 5 Years,Not disclosed
Lead Python SDET,McAfee Software  ( India )  Pvt Ltd,Bengaluru / Bangalore,1 - 4 Years,Not disclosed
Python Engineer  ( Remote ) ,Veeva Systems,,3 - 6 Years,Not disclosed
Senior Python Developer,Tranzmeo It Solutions,Cochin/ Kochi/ Ernakulam,3 - 6 Years,Not disclosed
Python Lead Engineer,Infostretch Solution Pvt Ltd,UK,5 - 7 Years,Not disclosed
Python Full Stack Developer,hiration,"Delhi,  Delhi/NCR",2 - 4 Years,Not disclosed
Senior Python Developer,Vitrana,"Noida/Greater Noida,  Bengaluru / Bangalore",4 - 6 Years,Not disclosed
Data Scientist  ( Python Expert  ) ,Analytics Vidhya,Hyderabad/Secunderabad,2 - 5 Years,Not disclosed
Java AWS Developer with Python,tcg digital solutions pvt ltd,Chicago,8 - 11 Years,Not disclosed
AWS Python Developer,tcg digital solutions pvt ltd,Kolkata,5 - 8 Years,Not disclosed
Python-Django Developer,SplendorNet Technologies Pvt. Ltd.,Pune,0 - 3 Years,Not disclosed
Senior Python Developer,nutanxt technologies,Pune,3 - 5 Years,Not disclosed
Full-Stack Developer - Python,ULTISOURCE Pvt Ltd.,Mumbai,5 - 8 Years,Not disclosed
Devops with Python Engineer,Tessolve Semiconductor Pvt. Ltd.,"Bengaluru / Bangalore,  null",7 - 12 Years,Not disclosed
Python backend Developer,3RI Technologies Pvt Ltd,Pune,1 - 2 Years,Not disclosed
Python Automation Engineer,univision technology consulting pvt ltd,Bengaluru / Bangalore,3 - 6 Years,Not disclosed
Odoo  /  Python Developer,Pragmatic Techsoft,"Ahmedabad,  Cochin/ Kochi/ Ernakulam,  Pune",1 - 3 Years,Not disclosed
Nielsen - Python Developer,Nielsen Research Ltd. Co.,,3 - 6 Years,Not disclosed
Data Engineer -Python,IRT Computer Solutions  ( I )  Pvt Ltd,"Hyderabad/Secunderabad,  Chennai",4 - 7 Years,Not disclosed
Sr. Python Developer,sacumen,Bengaluru / Bangalore,6 - 8 Years,Not disclosed
Software Engineer  ( Python Development ) *,online productivity solutions pvt. ltd.,,2 - 5 Years,Not disclosed
Backend  Python Developer,Arete Careers  ( OPC )  Pvt Ltd,Bengaluru / Bangalore,3 - 6 Years,Not disclosed
Python Developer - Business Intelligence,global invisions consulting,"Cochin/ Kochi/ Ernakulam,  Other City(s) in Kerala",3 - 9 Years,Not disclosed
Python Engineer - IAM,Binance,"Singapore,  Dubai,  null,  Abu Dhabi",3 - 5 Years,Not disclosed
Software Developer   Java with Python,IBM India Pvt Ltd,Bengaluru / Bangalore,2 - 5 Years,Not disclosed
Software Developer   Java with Python,IBM India Pvt Ltd,Bengaluru / Bangalore,2 - 5 Years,Not disclosed
Lead Python SDET,McAfee Software  ( India )  Pvt Ltd,Bengaluru / Bangalore,1 - 4 Years,Not disclosed
Python Engineer  ( Remote ) ,Veeva Systems,,3 - 6 Years,Not disclosed
Senior Python Developer,Tranzmeo It Solutions,Cochin/ Kochi/ Ernakulam,3 - 6 Years,Not disclosed
Python Lead Engineer,Infostretch Solution Pvt Ltd,UK,5 - 7 Years,Not disclosed
Python Full Stack Developer,hiration,"Delhi,  Delhi/NCR",2 - 4 Years,Not disclosed
Senior Python Developer,Vitrana,"Noida/Greater Noida,  Bengaluru / Bangalore",4 - 6 Years,Not disclosed
Data Scientist  ( Python Expert  ) ,Analytics Vidhya,Hyderabad/Secunderabad,2 - 5 Years,Not disclosed
Java AWS Developer with Python,tcg digital solutions pvt ltd,Chicago,8 - 11 Years,Not disclosed
AWS Python Developer,tcg digital solutions pvt ltd,Kolkata,5 - 8 Years,Not disclosed
Python-Django Developer,SplendorNet Technologies Pvt. Ltd.,Pune,0 - 3 Years,Not disclosed
Senior Python Developer,nutanxt technologies,Pune,3 - 5 Years,Not disclosed
Full-Stack Developer - Python,ULTISOURCE Pvt Ltd.,Mumbai,5 - 8 Years,Not disclosed
Devops with Python Engineer,Tessolve Semiconductor Pvt. Ltd.,"Bengaluru / Bangalore,  null",7 - 12 Years,Not disclosed
Python backend Developer,3RI Technologies Pvt Ltd,Pune,1 - 2 Years,Not disclosed
Python Automation Engineer,univision technology consulting pvt ltd,Bengaluru / Bangalore,3 - 6 Years,Not disclosed
Odoo  /  Python Developer,Pragmatic Techsoft,"Ahmedabad,  Cochin/ Kochi/ Ernakulam,  Pune",1 - 3 Years,Not disclosed
Nielsen - Python Developer,Nielsen Research Ltd. Co.,,3 - 6 Years,Not disclosed
Data Engineer -Python,IRT Computer Solutions  ( I )  Pvt Ltd,"Hyderabad/Secunderabad,  Chennai",4 - 7 Years,Not disclosed
Sr. Python Developer,sacumen,Bengaluru / Bangalore,6 - 8 Years,Not disclosed
Software Engineer  ( Python Development ) *,online productivity solutions pvt. ltd.,,2 - 5 Years,Not disclosed
Backend  Python Developer,Arete Careers  ( OPC )  Pvt Ltd,Bengaluru / Bangalore,3 - 6 Years,Not disclosed
Python Developer - Business Intelligence,global invisions consulting,"Cochin/ Kochi/ Ernakulam,  Other City(s) in Kerala",3 - 9 Years,Not disclosed
Python Engineer - IAM,Binance,"Singapore,  Dubai,  null,  Abu Dhabi",3 - 5 Years,Not disclosed
Software Developer   Java with Python,IBM India Pvt Ltd,Bengaluru / Bangalore,2 - 5 Years,Not disclosed
Software Developer   Java with Python,IBM India Pvt Ltd,Bengaluru / Bangalore,2 - 5 Years,Not disclosed
Lead Python SDET,McAfee Software  ( India )  Pvt Ltd,Bengaluru / Bangalore,1 - 4 Years,Not disclosed
Python Engineer  ( Remote ) ,Veeva Systems,,3 - 6 Years,Not disclosed
Senior Python Developer,Tranzmeo It Solutions,Cochin/ Kochi/ Ernakulam,3 - 6 Years,Not disclosed
Python Lead Engineer,Infostretch Solution Pvt Ltd,UK,5 - 7 Years,Not disclosed
Python Full Stack Developer,hiration,"Delhi,  Delhi/NCR",2 - 4 Years,Not disclosed
Senior Python Developer,Vitrana,"Noida/Greater Noida,  Bengaluru / Bangalore",4 - 6 Years,Not disclosed
Data Scientist  ( Python Expert  ) ,Analytics Vidhya,Hyderabad/Secunderabad,2 - 5 Years,Not disclosed
Java AWS Developer with Python,tcg digital solutions pvt ltd,Chicago,8 - 11 Years,Not disclosed
AWS Python Developer,tcg digital solutions pvt ltd,Kolkata,5 - 8 Years,Not disclosed
Python-Django Developer,SplendorNet Technologies Pvt. Ltd.,Pune,0 - 3 Years,Not disclosed
Senior Python Developer,nutanxt technologies,Pune,3 - 5 Years,Not disclosed
Full-Stack Developer - Python,ULTISOURCE Pvt Ltd.,Mumbai,5 - 8 Years,Not disclosed
Devops with Python Engineer,Tessolve Semiconductor Pvt. Ltd.,"Bengaluru / Bangalore,  null",7 - 12 Years,Not disclosed
Python backend Developer,3RI Technologies Pvt Ltd,Pune,1 - 2 Years,Not disclosed
Python Automation Engineer,univision technology consulting pvt ltd,Bengaluru / Bangalore,3 - 6 Years,Not disclosed
Odoo  /  Python Developer,Pragmatic Techsoft,"Ahmedabad,  Cochin/ Kochi/ Ernakulam,  Pune",1 - 3 Years,Not disclosed
Nielsen - Python Developer,Nielsen Research Ltd. Co.,,3 - 6 Years,Not disclosed
Data Engineer -Python,IRT Computer Solutions  ( I )  Pvt Ltd,"Hyderabad/Secunderabad,  Chennai",4 - 7 Years,Not disclosed
Sr. Python Developer,sacumen,Bengaluru / Bangalore,6 - 8 Years,Not disclosed
Software Engineer  ( Python Development ) *,online productivity solutions pvt. ltd.,,2 - 5 Years,Not disclosed
Backend  Python Developer,Arete Careers  ( OPC )  Pvt Ltd,Bengaluru / Bangalore,3 - 6 Years,Not disclosed
Python Developer - Business Intelligence,global invisions consulting,"Cochin/ Kochi/ Ernakulam,  Other City(s) in Kerala",3 - 9 Years,Not disclosed
Python Engineer - IAM,Binance,"Singapore,  Dubai,  null,  Abu Dhabi",3 - 5 Years,Not disclosed
Software Developer   Java with Python,IBM India Pvt Ltd,Bengaluru / Bangalore,2 - 5 Years,Not disclosed
Software Developer   Java with Python,IBM India Pvt Ltd,Bengaluru / Bangalore,2 - 5 Years,Not disclosed
Lead Python SDET,McAfee Software  ( India )  Pvt Ltd,Bengaluru / Bangalore,1 - 4 Years,Not disclosed
Python Engineer  ( Remote ) ,Veeva Systems,,3 - 6 Years,Not disclosed
Senior Python Developer,Tranzmeo It Solutions,Cochin/ Kochi/ Ernakulam,3 - 6 Years,Not disclosed
Python Lead Engineer,Infostretch Solution Pvt Ltd,UK,5 - 7 Years,Not disclosed
Python Full Stack Developer,hiration,"Delhi,  Delhi/NCR",2 - 4 Years,Not disclosed
Senior Python Developer,Vitrana,"Noida/Greater Noida,  Bengaluru / Bangalore",4 - 6 Years,Not disclosed
Data Scientist  ( Python Expert  ) ,Analytics Vidhya,Hyderabad/Secunderabad,2 - 5 Years,Not disclosed
Java AWS Developer with Python,tcg digital solutions pvt ltd,Chicago,8 - 11 Years,Not disclosed
AWS Python Developer,tcg digital solutions pvt ltd,Kolkata,5 - 8 Years,Not disclosed
Python-Django Developer,SplendorNet Technologies Pvt. Ltd.,Pune,0 - 3 Years,Not disclosed
Senior Python Developer,nutanxt technologies,Pune,3 - 5 Years,Not disclosed
Full-Stack Developer - Python,ULTISOURCE Pvt Ltd.,Mumbai,5 - 8 Years,Not disclosed
Devops with Python Engineer,Tessolve Semiconductor Pvt. Ltd.,"Bengaluru / Bangalore,  null",7 - 12 Years,Not disclosed
Python backend Developer,3RI Technologies Pvt Ltd,Pune,1 - 2 Years,Not disclosed
Python Automation Engineer,univision technology consulting pvt ltd,Bengaluru / Bangalore,3 - 6 Years,Not disclosed
Odoo  /  Python Developer,Pragmatic Techsoft,"Ahmedabad,  Cochin/ Kochi/ Ernakulam,  Pune",1 - 3 Years,Not disclosed
Nielsen - Python Developer,Nielsen Research Ltd. Co.,,3 - 6 Years,Not disclosed
Data Engineer -Python,IRT Computer Solutions  ( I )  Pvt Ltd,"Hyderabad/Secunderabad,  Chennai",4 - 7 Years,Not disclosed
Sr. Python Developer,sacumen,Bengaluru / Bangalore,6 - 8 Years,Not disclosed
Software Engineer  ( Python Development ) *,online productivity solutions pvt. ltd.,,2 - 5 Years,Not disclosed
Backend  Python Developer,Arete Careers  ( OPC )  Pvt Ltd,Bengaluru / Bangalore,3 - 6 Years,Not disclosed
Python Developer - Business Intelligence,global invisions consulting,"Cochin/ Kochi/ Ernakulam,  Other City(s) in Kerala",3 - 9 Years,Not disclosed
Python Engineer - IAM,Binance,"Singapore,  Dubai,  null,  Abu Dhabi",3 - 5 Years,Not disclosed
Software Developer   Java with Python,IBM India Pvt Ltd,Bengaluru / Bangalore,2 - 5 Years,Not disclosed
Software Developer   Java with Python,IBM India Pvt Ltd,Bengaluru / Bangalore,2 - 5 Years,Not disclosed
Lead Python SDET,McAfee Software  ( India )  Pvt Ltd,Bengaluru / Bangalore,1 - 4 Years,Not disclosed
Python Engineer  ( Remote ) ,Veeva Systems,,3 - 6 Years,Not disclosed
Senior Python Developer,Tranzmeo It Solutions,Cochin/ Kochi/ Ernakulam,3 - 6 Years,Not disclosed
Python Lead Engineer,Infostretch Solution Pvt Ltd,UK,5 - 7 Years,Not disclosed
Python Full Stack Developer,hiration,"Delhi,  Delhi/NCR",2 - 4 Years,Not disclosed
Senior Python Developer,Vitrana,"Noida/Greater Noida,  Bengaluru / Bangalore",4 - 6 Years,Not disclosed
Data Scientist  ( Python Expert  ) ,Analytics Vidhya,Hyderabad/Secunderabad,2 - 5 Years,Not disclosed
Java AWS Developer with Python,tcg digital solutions pvt ltd,Chicago,8 - 11 Years,Not disclosed
AWS Python Developer,tcg digital solutions pvt ltd,Kolkata,5 - 8 Years,Not disclosed
Python-Django Developer,SplendorNet Technologies Pvt. Ltd.,Pune,0 - 3 Years,Not disclosed
Senior Python Developer,nutanxt technologies,Pune,3 - 5 Years,Not disclosed
Full-Stack Developer - Python,ULTISOURCE Pvt Ltd.,Mumbai,5 - 8 Years,Not disclosed
Devops with Python Engineer,Tessolve Semiconductor Pvt. Ltd.,"Bengaluru / Bangalore,  null",7 - 12 Years,Not disclosed
Python backend Developer,3RI Technologies Pvt Ltd,Pune,1 - 2 Years,Not disclosed
Python Automation Engineer,univision technology consulting pvt ltd,Bengaluru / Bangalore,3 - 6 Years,Not disclosed
Odoo  /  Python Developer,Pragmatic Techsoft,"Ahmedabad,  Cochin/ Kochi/ Ernakulam,  Pune",1 - 3 Years,Not disclosed
Nielsen - Python Developer,Nielsen Research Ltd. Co.,,3 - 6 Years,Not disclosed
Data Engineer -Python,IRT Computer Solutions  ( I )  Pvt Ltd,"Hyderabad/Secunderabad,  Chennai",4 - 7 Years,Not disclosed
Sr. Python Developer,sacumen,Bengaluru / Bangalore,6 - 8 Years,Not disclosed
Software Engineer  ( Python Development ) *,online productivity solutions pvt. ltd.,,2 - 5 Years,Not disclosed
Backend  Python Developer,Arete Careers  ( OPC )  Pvt Ltd,Bengaluru / Bangalore,3 - 6 Years,Not disclosed
Python Developer - Business Intelligence,global invisions consulting,"Cochin/ Kochi/ Ernakulam,  Other City(s) in Kerala",3 - 9 Years,Not disclosed
Python Engineer - IAM,Binance,"Singapore,  Dubai,  null,  Abu Dhabi",3 - 5 Years,Not disclosed
Software Developer   Java with Python,IBM India Pvt Ltd,Bengaluru / Bangalore,2 - 5 Years,Not disclosed
Software Developer   Java with Python,IBM India Pvt Ltd,Bengaluru / Bangalore,2 - 5 Years,Not disclosed
Lead Python SDET,McAfee Software  ( India )  Pvt Ltd,Bengaluru / Bangalore,1 - 4 Years,Not disclosed
Python Engineer  ( Remote ) ,Veeva Systems,,3 - 6 Years,Not disclosed
Senior Python Developer,Tranzmeo It Solutions,Cochin/ Kochi/ Ernakulam,3 - 6 Years,Not disclosed
Python Lead Engineer,Infostretch Solution Pvt Ltd,UK,5 - 7 Years,Not disclosed
Python Full Stack Developer,hiration,"Delhi,  Delhi/NCR",2 - 4 Years,Not disclosed
Senior Python Developer,Vitrana,"Noida/Greater Noida,  Bengaluru / Bangalore",4 - 6 Years,Not disclosed
Data Scientist  ( Python Expert  ) ,Analytics Vidhya,Hyderabad/Secunderabad,2 - 5 Years,Not disclosed
Java AWS Developer with Python,tcg digital solutions pvt ltd,Chicago,8 - 11 Years,Not disclosed
AWS Python Developer,tcg digital solutions pvt ltd,Kolkata,5 - 8 Years,Not disclosed
Python-Django Developer,SplendorNet Technologies Pvt. Ltd.,Pune,0 - 3 Years,Not disclosed
Senior Python Developer,nutanxt technologies,Pune,3 - 5 Years,Not disclosed
Full-Stack Developer - Python,ULTISOURCE Pvt Ltd.,Mumbai,5 - 8 Years,Not disclosed
Devops with Python Engineer,Tessolve Semiconductor Pvt. Ltd.,"Bengaluru / Bangalore,  null",7 - 12 Years,Not disclosed
Python backend Developer,3RI Technologies Pvt Ltd,Pune,1 - 2 Years,Not disclosed
Python Automation Engineer,univision technology consulting pvt ltd,Bengaluru / Bangalore,3 - 6 Years,Not disclosed
Odoo  /  Python Developer,Pragmatic Techsoft,"Ahmedabad,  Cochin/ Kochi/ Ernakulam,  Pune",1 - 3 Years,Not disclosed
Nielsen - Python Developer,Nielsen Research Ltd. Co.,,3 - 6 Years,Not disclosed
Data Engineer -Python,IRT Computer Solutions  ( I )  Pvt Ltd,"Hyderabad/Secunderabad,  Chennai",4 - 7 Years,Not disclosed
Sr. Python Developer,sacumen,Bengaluru / Bangalore,6 - 8 Years,Not disclosed
Software Engineer  ( Python Development ) *,online productivity solutions pvt. ltd.,,2 - 5 Years,Not disclosed
Backend  Python Developer,Arete Careers  ( OPC )  Pvt Ltd,Bengaluru / Bangalore,3 - 6 Years,Not disclosed
Python Developer - Business Intelligence,global invisions consulting,"Cochin/ Kochi/ Ernakulam,  Other City(s) in Kerala",3 - 9 Years,Not disclosed
Python Engineer - IAM,Binance,"Singapore,  Dubai,  null,  Abu Dhabi",3 - 5 Years,Not disclosed
Software Developer   Java with Python,IBM India Pvt Ltd,Bengaluru / Bangalore,2 - 5 Years,Not disclosed
Software Developer   Java with Python,IBM India Pvt Ltd,Bengaluru / Bangalore,2 - 5 Years,Not disclosed
Lead Python SDET,McAfee Software  ( India )  Pvt Ltd,Bengaluru / Bangalore,1 - 4 Years,Not disclosed
Python Engineer  ( Remote ) ,Veeva Systems,,3 - 6 Years,Not disclosed
Senior Python Developer,Tranzmeo It Solutions,Cochin/ Kochi/ Ernakulam,3 - 6 Years,Not disclosed
Python Lead Engineer,Infostretch Solution Pvt Ltd,UK,5 - 7 Years,Not disclosed
Python Full Stack Developer,hiration,"Delhi,  Delhi/NCR",2 - 4 Years,Not disclosed
Senior Python Developer,Vitrana,"Noida/Greater Noida,  Bengaluru / Bangalore",4 - 6 Years,Not disclosed
Data Scientist  ( Python Expert  ) ,Analytics Vidhya,Hyderabad/Secunderabad,2 - 5 Years,Not disclosed
Java AWS Developer with Python,tcg digital solutions pvt ltd,Chicago,8 - 11 Years,Not disclosed
AWS Python Developer,tcg digital solutions pvt ltd,Kolkata,5 - 8 Years,Not disclosed
Python-Django Developer,SplendorNet Technologies Pvt. Ltd.,Pune,0 - 3 Years,Not disclosed
Senior Python Developer,nutanxt technologies,Pune,3 - 5 Years,Not disclosed
Full-Stack Developer - Python,ULTISOURCE Pvt Ltd.,Mumbai,5 - 8 Years,Not disclosed
Devops with Python Engineer,Tessolve Semiconductor Pvt. Ltd.,"Bengaluru / Bangalore,  null",7 - 12 Years,Not disclosed
Python backend Developer,3RI Technologies Pvt Ltd,Pune,1 - 2 Years,Not disclosed
Python Automation Engineer,univision technology consulting pvt ltd,Bengaluru / Bangalore,3 - 6 Years,Not disclosed
Odoo  /  Python Developer,Pragmatic Techsoft,"Ahmedabad,  Cochin/ Kochi/ Ernakulam,  Pune",1 - 3 Years,Not disclosed
Nielsen - Python Developer,Nielsen Research Ltd. Co.,,3 - 6 Years,Not disclosed
Data Engineer -Python,IRT Computer Solutions  ( I )  Pvt Ltd,"Hyderabad/Secunderabad,  Chennai",4 - 7 Years,Not disclosed
Sr. Python Developer,sacumen,Bengaluru / Bangalore,6 - 8 Years,Not disclosed
Software Engineer  ( Python Development ) *,online productivity solutions pvt. ltd.,,2 - 5 Years,Not disclosed
Backend  Python Developer,Arete Careers  ( OPC )  Pvt Ltd,Bengaluru / Bangalore,3 - 6 Years,Not disclosed
Python Developer - Business Intelligence,global invisions consulting,"Cochin/ Kochi/ Ernakulam,  Other City(s) in Kerala",3 - 9 Years,Not disclosed
Python Engineer - IAM,Binance,"Singapore,  Dubai,  null,  Abu Dhabi",3 - 5 Years,Not disclosed
Software Developer   Java with Python,IBM India Pvt Ltd,Bengaluru / Bangalore,2 - 5 Years,Not disclosed
Software Developer   Java with Python,IBM India Pvt Ltd,Bengaluru / Bangalore,2 - 5 Years,Not disclosed
Lead Python SDET,McAfee Software  ( India )  Pvt Ltd,Bengaluru / Bangalore,1 - 4 Years,Not disclosed
Python Engineer  ( Remote ) ,Veeva Systems,,3 - 6 Years,Not disclosed
Senior Python Developer,Tranzmeo It Solutions,Cochin/ Kochi/ Ernakulam,3 - 6 Years,Not disclosed
Python Lead Engineer,Infostretch Solution Pvt Ltd,UK,5 - 7 Years,Not disclosed
Python Full Stack Developer,hiration,"Delhi,  Delhi/NCR",2 - 4 Years,Not disclosed
Senior Python Developer,Vitrana,"Noida/Greater Noida,  Bengaluru / Bangalore",4 - 6 Years,Not disclosed
Data Scientist  ( Python Expert  ) ,Analytics Vidhya,Hyderabad/Secunderabad,2 - 5 Years,Not disclosed
Java AWS Developer with Python,tcg digital solutions pvt ltd,Chicago,8 - 11 Years,Not disclosed
AWS Python Developer,tcg digital solutions pvt ltd,Kolkata,5 - 8 Years,Not disclosed
Python-Django Developer,SplendorNet Technologies Pvt. Ltd.,Pune,0 - 3 Years,Not disclosed
Senior Python Developer,nutanxt technologies,Pune,3 - 5 Years,Not disclosed
Full-Stack Developer - Python,ULTISOURCE Pvt Ltd.,Mumbai,5 - 8 Years,Not disclosed
Devops with Python Engineer,Tessolve Semiconductor Pvt. Ltd.,"Bengaluru / Bangalore,  null",7 - 12 Years,Not disclosed
Python backend Developer,3RI Technologies Pvt Ltd,Pune,1 - 2 Years,Not disclosed
Python Automation Engineer,univision technology consulting pvt ltd,Bengaluru / Bangalore,3 - 6 Years,Not disclosed
Odoo  /  Python Developer,Pragmatic Techsoft,"Ahmedabad,  Cochin/ Kochi/ Ernakulam,  Pune",1 - 3 Years,Not disclosed
Nielsen - Python Developer,Nielsen Research Ltd. Co.,,3 - 6 Years,Not disclosed
Data Engineer -Python,IRT Computer Solutions  ( I )  Pvt Ltd,"Hyderabad/Secunderabad,  Chennai",4 - 7 Years,Not disclosed
Sr. Python Developer,sacumen,Bengaluru / Bangalore,6 - 8 Years,Not disclosed
Software Engineer  ( Python Development ) *,online productivity solutions pvt. ltd.,,2 - 5 Years,Not disclosed
Backend  Python Developer,Arete Careers  ( OPC )  Pvt Ltd,Bengaluru / Bangalore,3 - 6 Years,Not disclosed
Python Developer - Business Intelligence,global invisions consulting,"Cochin/ Kochi/ Ernakulam,  Other City(s) in Kerala",3 - 9 Years,Not disclosed
Python Engineer - IAM,Binance,"Singapore,  Dubai,  null,  Abu Dhabi",3 - 5 Years,Not disclosed
Software Developer   Java with Python,IBM India Pvt Ltd,Bengaluru / Bangalore,2 - 5 Years,Not disclosed
Software Developer   Java with Python,IBM India Pvt Ltd,Bengaluru / Bangalore,2 - 5 Years,Not disclosed
Lead Python SDET,McAfee Software  ( India )  Pvt Ltd,Bengaluru / Bangalore,1 - 4 Years,Not disclosed
Python Engineer  ( Remote ) ,Veeva Systems,,3 - 6 Years,Not disclosed
Senior Python Developer,Tranzmeo It Solutions,Cochin/ Kochi/ Ernakulam,3 - 6 Years,Not disclosed
Python Lead Engineer,Infostretch Solution Pvt Ltd,UK,5 - 7 Years,Not disclosed
Python Full Stack Developer,hiration,"Delhi,  Delhi/NCR",2 - 4 Years,Not disclosed
Senior Python Developer,Vitrana,"Noida/Greater Noida,  Bengaluru / Bangalore",4 - 6 Years,Not disclosed
Data Scientist  ( Python Expert  ) ,Analytics Vidhya,Hyderabad/Secunderabad,2 - 5 Years,Not disclosed
Java AWS Developer with Python,tcg digital solutions pvt ltd,Chicago,8 - 11 Years,Not disclosed
AWS Python Developer,tcg digital solutions pvt ltd,Kolkata,5 - 8 Years,Not disclosed
Python-Django Developer,SplendorNet Technologies Pvt. Ltd.,Pune,0 - 3 Years,Not disclosed
Senior Python Developer,nutanxt technologies,Pune,3 - 5 Years,Not disclosed
Full-Stack Developer - Python,ULTISOURCE Pvt Ltd.,Mumbai,5 - 8 Years,Not disclosed
Devops with Python Engineer,Tessolve Semiconductor Pvt. Ltd.,"Bengaluru / Bangalore,  null",7 - 12 Years,Not disclosed
Python backend Developer,3RI Technologies Pvt Ltd,Pune,1 - 2 Years,Not disclosed
Python Automation Engineer,univision technology consulting pvt ltd,Bengaluru / Bangalore,3 - 6 Years,Not disclosed
Odoo  /  Python Developer,Pragmatic Techsoft,"Ahmedabad,  Cochin/ Kochi/ Ernakulam,  Pune",1 - 3 Years,Not disclosed
Nielsen - Python Developer,Nielsen Research Ltd. Co.,,3 - 6 Years,Not disclosed
Data Engineer -Python,IRT Computer Solutions  ( I )  Pvt Ltd,"Hyderabad/Secunderabad,  Chennai",4 - 7 Years,Not disclosed
Sr. Python Developer,sacumen,Bengaluru / Bangalore,6 - 8 Years,Not disclosed
Software Engineer  ( Python Development ) *,online productivity solutions pvt. ltd.,,2 - 5 Years,Not disclosed
Backend  Python Developer,Arete Careers  ( OPC )  Pvt Ltd,Bengaluru / Bangalore,3 - 6 Years,Not disclosed
Python Developer - Business Intelligence,global invisions consulting,"Cochin/ Kochi/ Ernakulam,  Other City(s) in Kerala",3 - 9 Years,Not disclosed
Python Engineer - IAM,Binance,"Singapore,  Dubai,  null,  Abu Dhabi",3 - 5 Years,Not disclosed
Software Developer   Java with Python,IBM India Pvt Ltd,Bengaluru / Bangalore,2 - 5 Years,Not disclosed
Software Developer   Java with Python,IBM India Pvt Ltd,Bengaluru / Bangalore,2 - 5 Years,Not disclosed
Lead Python SDET,McAfee Software  ( India )  Pvt Ltd,Bengaluru / Bangalore,1 - 4 Years,Not disclosed
Python Engineer  ( Remote ) ,Veeva Systems,,3 - 6 Years,Not disclosed
Senior Python Developer,Tranzmeo It Solutions,Cochin/ Kochi/ Ernakulam,3 - 6 Years,Not disclosed
Python Lead Engineer,Infostretch Solution Pvt Ltd,UK,5 - 7 Years,Not disclosed
Python Full Stack Developer,hiration,"Delhi,  Delhi/NCR",2 - 4 Years,Not disclosed
Senior Python Developer,Vitrana,"Noida/Greater Noida,  Bengaluru / Bangalore",4 - 6 Years,Not disclosed
Data Scientist  ( Python Expert  ) ,Analytics Vidhya,Hyderabad/Secunderabad,2 - 5 Years,Not disclosed
Java AWS Developer with Python,tcg digital solutions pvt ltd,Chicago,8 - 11 Years,Not disclosed
AWS Python Developer,tcg digital solutions pvt ltd,Kolkata,5 - 8 Years,Not disclosed
Python-Django Developer,SplendorNet Technologies Pvt. Ltd.,Pune,0 - 3 Years,Not disclosed
Senior Python Developer,nutanxt technologies,Pune,3 - 5 Years,Not disclosed
Full-Stack Developer - Python,ULTISOURCE Pvt Ltd.,Mumbai,5 - 8 Years,Not disclosed
Devops with Python Engineer,Tessolve Semiconductor Pvt. Ltd.,"Bengaluru / Bangalore,  null",7 - 12 Years,Not disclosed
Python backend Developer,3RI Technologies Pvt Ltd,Pune,1 - 2 Years,Not disclosed
Python Automation Engineer,univision technology consulting pvt ltd,Bengaluru / Bangalore,3 - 6 Years,Not disclosed
Odoo  /  Python Developer,Pragmatic Techsoft,"Ahmedabad,  Cochin/ Kochi/ Ernakulam,  Pune",1 - 3 Years,Not disclosed
Nielsen - Python Developer,Nielsen Research Ltd. Co.,,3 - 6 Years,Not disclosed
Data Engineer -Python,IRT Computer Solutions  ( I )  Pvt Ltd,"Hyderabad/Secunderabad,  Chennai",4 - 7 Years,Not disclosed
Sr. Python Developer,sacumen,Bengaluru / Bangalore,6 - 8 Years,Not disclosed
Software Engineer  ( Python Development ) *,online productivity solutions pvt. ltd.,,2 - 5 Years,Not disclosed
Backend  Python Developer,Arete Careers  ( OPC )  Pvt Ltd,Bengaluru / Bangalore,3 - 6 Years,Not disclosed
Python Developer - Business Intelligence,global invisions consulting,"Cochin/ Kochi/ Ernakulam,  Other City(s) in Kerala",3 - 9 Years,Not disclosed
Python Engineer - IAM,Binance,"Singapore,  Dubai,  null,  Abu Dhabi",3 - 5 Years,Not disclosed
Software Developer   Java with Python,IBM India Pvt Ltd,Bengaluru / Bangalore,2 - 5 Years,Not disclosed
Software Developer   Java with Python,IBM India Pvt Ltd,Bengaluru / Bangalore,2 - 5 Years,Not disclosed
Lead Python SDET,McAfee Software  ( India )  Pvt Ltd,Bengaluru / Bangalore,1 - 4 Years,Not disclosed
Python Engineer  ( Remote ) ,Veeva Systems,,3 - 6 Years,Not disclosed
Senior Python Developer,Tranzmeo It Solutions,Cochin/ Kochi/ Ernakulam,3 - 6 Years,Not disclosed
Python Lead Engineer,Infostretch Solution Pvt Ltd,UK,5 - 7 Years,Not disclosed
Python Full Stack Developer,hiration,"Delhi,  Delhi/NCR",2 - 4 Years,Not disclosed
Senior Python Developer,Vitrana,"Noida/Greater Noida,  Bengaluru / Bangalore",4 - 6 Years,Not disclosed
Data Scientist  ( Python Expert  ) ,Analytics Vidhya,Hyderabad/Secunderabad,2 - 5 Years,Not disclosed
Java AWS Developer with Python,tcg digital solutions pvt ltd,Chicago,8 - 11 Years,Not disclosed
AWS Python Developer,tcg digital solutions pvt ltd,Kolkata,5 - 8 Years,Not disclosed
Python-Django Developer,SplendorNet Technologies Pvt. Ltd.,Pune,0 - 3 Years,Not disclosed
Senior Python Developer,nutanxt technologies,Pune,3 - 5 Years,Not disclosed
Full-Stack Developer - Python,ULTISOURCE Pvt Ltd.,Mumbai,5 - 8 Years,Not disclosed
Devops with Python Engineer,Tessolve Semiconductor Pvt. Ltd.,"Bengaluru / Bangalore,  null",7 - 12 Years,Not disclosed
Python backend Developer,3RI Technologies Pvt Ltd,Pune,1 - 2 Years,Not disclosed
Python Automation Engineer,univision technology consulting pvt ltd,Bengaluru / Bangalore,3 - 6 Years,Not disclosed
Odoo  /  Python Developer,Pragmatic Techsoft,"Ahmedabad,  Cochin/ Kochi/ Ernakulam,  Pune",1 - 3 Years,Not disclosed
Nielsen - Python Developer,Nielsen Research Ltd. Co.,,3 - 6 Years,Not disclosed
Data Engineer -Python,IRT Computer Solutions  ( I )  Pvt Ltd,"Hyderabad/Secunderabad,  Chennai",4 - 7 Years,Not disclosed
Sr. Python Developer,sacumen,Bengaluru / Bangalore,6 - 8 Years,Not disclosed
Software Engineer  ( Python Development ) *,online productivity solutions pvt. ltd.,,2 - 5 Years,Not disclosed
Backend  Python Developer,Arete Careers  ( OPC )  Pvt Ltd,Bengaluru / Bangalore,3 - 6 Years,Not disclosed
Python Developer - Business Intelligence,global invisions consulting,"Cochin/ Kochi/ Ernakulam,  Other City(s) in Kerala",3 - 9 Years,Not disclosed
Python Engineer - IAM,Binance,"Singapore,  Dubai,  null,  Abu Dhabi",3 - 5 Years,Not disclosed
Software Developer   Java with Python,IBM India Pvt Ltd,Bengaluru / Bangalore,2 - 5 Years,Not disclosed
Software Developer   Java with Python,IBM India Pvt Ltd,Bengaluru / Bangalore,2 - 5 Years,Not disclosed
Lead Python SDET,McAfee Software  ( India )  Pvt Ltd,Bengaluru / Bangalore,1 - 4 Years,Not disclosed
Python Engineer  ( Remote ) ,Veeva Systems,,3 - 6 Years,Not disclosed
Senior Python Developer,Tranzmeo It Solutions,Cochin/ Kochi/ Ernakulam,3 - 6 Years,Not disclosed
Python Lead Engineer,Infostretch Solution Pvt Ltd,UK,5 - 7 Years,Not disclosed
Python Full Stack Developer,hiration,"Delhi,  Delhi/NCR",2 - 4 Years,Not disclosed
Senior Python Developer,Vitrana,"Noida/Greater Noida,  Bengaluru / Bangalore",4 - 6 Years,Not disclosed
Data Scientist  ( Python Expert  ) ,Analytics Vidhya,Hyderabad/Secunderabad,2 - 5 Years,Not disclosed
Java AWS Developer with Python,tcg digital solutions pvt ltd,Chicago,8 - 11 Years,Not disclosed
AWS Python Developer,tcg digital solutions pvt ltd,Kolkata,5 - 8 Years,Not disclosed
Python-Django Developer,SplendorNet Technologies Pvt. Ltd.,Pune,0 - 3 Years,Not disclosed
Senior Python Developer,nutanxt technologies,Pune,3 - 5 Years,Not disclosed
Full-Stack Developer - Python,ULTISOURCE Pvt Ltd.,Mumbai,5 - 8 Years,Not disclosed
Devops with Python Engineer,Tessolve Semiconductor Pvt. Ltd.,"Bengaluru / Bangalore,  null",7 - 12 Years,Not disclosed
Python backend Developer,3RI Technologies Pvt Ltd,Pune,1 - 2 Years,Not disclosed
Python Automation Engineer,univision technology consulting pvt ltd,Bengaluru / Bangalore,3 - 6 Years,Not disclosed
Odoo  /  Python Developer,Pragmatic Techsoft,"Ahmedabad,  Cochin/ Kochi/ Ernakulam,  Pune",1 - 3 Years,Not disclosed
Nielsen - Python Developer,Nielsen Research Ltd. Co.,,3 - 6 Years,Not disclosed
Data Engineer -Python,IRT Computer Solutions  ( I )  Pvt Ltd,"Hyderabad/Secunderabad,  Chennai",4 - 7 Years,Not disclosed
Sr. Python Developer,sacumen,Bengaluru / Bangalore,6 - 8 Years,Not disclosed
Software Engineer  ( Python Development ) *,online productivity solutions pvt. ltd.,,2 - 5 Years,Not disclosed
Backend  Python Developer,Arete Careers  ( OPC )  Pvt Ltd,Bengaluru / Bangalore,3 - 6 Years,Not disclosed
Python Developer - Business Intelligence,global invisions consulting,"Cochin/ Kochi/ Ernakulam,  Other City(s) in Kerala",3 - 9 Years,Not disclosed
Python Engineer - IAM,Binance,"Singapore,  Dubai,  null,  Abu Dhabi",3 - 5 Years,Not disclosed
Software Developer   Java with Python,IBM India Pvt Ltd,Bengaluru / Bangalore,2 - 5 Years,Not disclosed
Software Developer   Java with Python,IBM India Pvt Ltd,Bengaluru / Bangalore,2 - 5 Years,Not disclosed
Lead Python SDET,McAfee Software  ( India )  Pvt Ltd,Bengaluru / Bangalore,1 - 4 Years,Not disclosed
Python Engineer  ( Remote ) ,Veeva Systems,,3 - 6 Years,Not disclosed
Senior Python Developer,Tranzmeo It Solutions,Cochin/ Kochi/ Ernakulam,3 - 6 Years,Not disclosed
Python Lead Engineer,Infostretch Solution Pvt Ltd,UK,5 - 7 Years,Not disclosed
Python Full Stack Developer,hiration,"Delhi,  Delhi/NCR",2 - 4 Years,Not disclosed
Senior Python Developer,Vitrana,"Noida/Greater Noida,  Bengaluru / Bangalore",4 - 6 Years,Not disclosed
Data Scientist  ( Python Expert  ) ,Analytics Vidhya,Hyderabad/Secunderabad,2 - 5 Years,Not disclosed
Java AWS Developer with Python,tcg digital solutions pvt ltd,Chicago,8 - 11 Years,Not disclosed
AWS Python Developer,tcg digital solutions pvt ltd,Kolkata,5 - 8 Years,Not disclosed
Python-Django Developer,SplendorNet Technologies Pvt. Ltd.,Pune,0 - 3 Years,Not disclosed
Senior Python Developer,nutanxt technologies,Pune,3 - 5 Years,Not disclosed
Full-Stack Developer - Python,ULTISOURCE Pvt Ltd.,Mumbai,5 - 8 Years,Not disclosed
Devops with Python Engineer,Tessolve Semiconductor Pvt. Ltd.,"Bengaluru / Bangalore,  null",7 - 12 Years,Not disclosed
Python backend Developer,3RI Technologies Pvt Ltd,Pune,1 - 2 Years,Not disclosed
Python Automation Engineer,univision technology consulting pvt ltd,Bengaluru / Bangalore,3 - 6 Years,Not disclosed
Odoo  /  Python Developer,Pragmatic Techsoft,"Ahmedabad,  Cochin/ Kochi/ Ernakulam,  Pune",1 - 3 Years,Not disclosed
Nielsen - Python Developer,Nielsen Research Ltd. Co.,,3 - 6 Years,Not disclosed
Data Engineer -Python,IRT Computer Solutions  ( I )  Pvt Ltd,"Hyderabad/Secunderabad,  Chennai",4 - 7 Years,Not disclosed
Sr. Python Developer,sacumen,Bengaluru / Bangalore,6 - 8 Years,Not disclosed
Software Engineer  ( Python Development ) *,online productivity solutions pvt. ltd.,,2 - 5 Years,Not disclosed
Backend  Python Developer,Arete Careers  ( OPC )  Pvt Ltd,Bengaluru / Bangalore,3 - 6 Years,Not disclosed
Python Developer - Business Intelligence,global invisions consulting,"Cochin/ Kochi/ Ernakulam,  Other City(s) in Kerala",3 - 9 Years,Not disclosed
Python Engineer - IAM,Binance,"Singapore,  Dubai,  null,  Abu Dhabi",3 - 5 Years,Not disclosed
Software Developer   Java with Python,IBM India Pvt Ltd,Bengaluru / Bangalore,2 - 5 Years,Not disclosed
Software Developer   Java with Python,IBM India Pvt Ltd,Bengaluru / Bangalore,2 - 5 Years,Not disclosed
Lead Python SDET,McAfee Software  ( India )  Pvt Ltd,Bengaluru / Bangalore,1 - 4 Years,Not disclosed
Python Engineer  ( Remote ) ,Veeva Systems,,3 - 6 Years,Not disclosed
Senior Python Developer,Tranzmeo It Solutions,Cochin/ Kochi/ Ernakulam,3 - 6 Years,Not disclosed
Python Lead Engineer,Infostretch Solution Pvt Ltd,UK,5 - 7 Years,Not disclosed
Python Full Stack Developer,hiration,"Delhi,  Delhi/NCR",2 - 4 Years,Not disclosed
Senior Python Developer,Vitrana,"Noida/Greater Noida,  Bengaluru / Bangalore",4 - 6 Years,Not disclosed
Data Scientist  ( Python Expert  ) ,Analytics Vidhya,Hyderabad/Secunderabad,2 - 5 Years,Not disclosed
Java AWS Developer with Python,tcg digital solutions pvt ltd,Chicago,8 - 11 Years,Not disclosed
AWS Python Developer,tcg digital solutions pvt ltd,Kolkata,5 - 8 Years,Not disclosed
Python-Django Developer,SplendorNet Technologies Pvt. Ltd.,Pune,0 - 3 Years,Not disclosed
Senior Python Developer,nutanxt technologies,Pune,3 - 5 Years,Not disclosed
Full-Stack Developer - Python,ULTISOURCE Pvt Ltd.,Mumbai,5 - 8 Years,Not disclosed
Devops with Python Engineer,Tessolve Semiconductor Pvt. Ltd.,"Bengaluru / Bangalore,  null",7 - 12 Years,Not disclosed
Python backend Developer,3RI Technologies Pvt Ltd,Pune,1 - 2 Years,Not disclosed
Python Automation Engineer,univision technology consulting pvt ltd,Bengaluru / Bangalore,3 - 6 Years,Not disclosed
Odoo  /  Python Developer,Pragmatic Techsoft,"Ahmedabad,  Cochin/ Kochi/ Ernakulam,  Pune",1 - 3 Years,Not disclosed
Nielsen - Python Developer,Nielsen Research Ltd. Co.,,3 - 6 Years,Not disclosed
Data Engineer -Python,IRT Computer Solutions  ( I )  Pvt Ltd,"Hyderabad/Secunderabad,  Chennai",4 - 7 Years,Not disclosed
Sr. Python Developer,sacumen,Bengaluru / Bangalore,6 - 8 Years,Not disclosed
Software Engineer  ( Python Development ) *,online productivity solutions pvt. ltd.,,2 - 5 Years,Not disclosed
Backend  Python Developer,Arete Careers  ( OPC )  Pvt Ltd,Bengaluru / Bangalore,3 - 6 Years,Not disclosed
Python Developer - Business Intelligence,global invisions consulting,"Cochin/ Kochi/ Ernakulam,  Other City(s) in Kerala",3 - 9 Years,Not disclosed
Python Engineer - IAM,Binance,"Singapore,  Dubai,  null,  Abu Dhabi",3 - 5 Years,Not disclosed
Software Developer   Java with Python,IBM India Pvt Ltd,Bengaluru / Bangalore,2 - 5 Years,Not disclosed
Software Developer   Java with Python,IBM India Pvt Ltd,Bengaluru / Bangalore,2 - 5 Years,Not disclosed
Lead Python SDET,McAfee Software  ( India )  Pvt Ltd,Bengaluru / Bangalore,1 - 4 Years,Not disclosed
